<refentry id="gtester-report">

<refentryinfo>
<title>gtester-report</title>
<productname>GLib</productname>
<authorgroup>
<author>
<contrib>Developer</contrib>
<firstname>Tim</firstname>
<surname>Janik</surname>
</author>
</authorgroup>
</refentryinfo>

<refmeta>
<refentrytitle>gtester-report</refentrytitle>
<manvolnum>1</manvolnum>
<refmiscinfo class="manual">User Commands</refmiscinfo>
</refmeta>

<refnamediv>
<refname>gtester-report</refname>
<refpurpose>test report formatting utility</refpurpose>
</refnamediv>

<refsynopsisdiv>
<cmdsynopsis>
<command>gtester-report</command>
<arg choice="opt" rep="repeat">option</arg>
<arg>gtester-log</arg>
</cmdsynopsis>
</refsynopsisdiv>

<refsect1><title>Description</title>
<para><command>gtester-report</command> is a script which converts
the XML output generated by gtester into HTML.
</para>
<para>Since GLib 2.62, <command>gtester-report</command> is deprecated. Use
TAP for reporting test results instead, and feed it to the test harness provided
by your build system.</para>
</refsect1>

<refsect1><title>Options</title>
<variablelist>

<varlistentry>
<term><option>-h</option>, <option>--help</option></term>
<listitem><para>
print help and exit
</para></listitem>
</varlistentry>

<varlistentry>
<term><option>-v</option>, <option>--version</option></term>
<listitem><para>
print version information and exit
</para></listitem>
</varlistentry>

<varlistentry>
<term><option>-s</option>, <option>--subunit</option></term>
<listitem><para>
Output subunit. Needs python-subunit.
</para></listitem>
</varlistentry>

</variablelist>
</refsect1>

<refsect1><title>See also</title>
<para>
<citerefentry>
<refentrytitle>gtester</refentrytitle>
<manvolnum>1</manvolnum>
</citerefentry>
</para>
</refsect1>
</refentry>
